{"./client_secrets.json": 1664191309.2458413, "./LICENSE": 1664191308.5058346, "./README.md": 1664207249.490195, "./credentials.json": 1664207575.8132582, "./sync.py": 1664198702.2845414, "./settings.yaml": 1664191302.581782, "./main.py": 1664191301.6657739, "./sync.sh": 1664207207.3018293, "../data_prepared/rnaloops_data.xlsx": 1663877509.0, "../data_prepared/rnaloops_data.csv": 1663877499.0, "../.sync/client_secrets.json": 1664218170.4039152, "../.sync/syncinit.sh": 1664218170.4039152, "../.sync/LICENSE": 1664218170.4039152, "../.sync/sync.sh": 1664218170.4039152, "../.sync/README.md": 1664218170.4039152, "../.sync/credentials.json": 1664218213.9803653, "../.sync/sync.py": 1664218170.4039152, "../.sync/settings.yaml": 1664218170.4039152, "../.sync/.gdriveignore": 1664219659.0818896, "../.sync": 1664307991.1179135, "../rnaloops": 1664296438.6842277, "../rnaloops/data_prepared": 1662316586.160797, "../rnaloops/data_prepared/rnaloops_data.csv": 1662316341.599329, "../rnaloops/data_prepared/rnaloops_data.pkl": 1662316336.027115, "../rnaloops/data_prepared/rnaloops_data.xlsx": 1662316397.797494, "../rnaloops/data_prepared/rnaloops_data.json": 1662316400.945616, "../data_explorer.ipynb": 1664307961.9847534, "../data_getter.py": 1664296458.5649667, "../README.md": 1662191214.8525846, "../rnaloops/data_getter/getter_fcts.py": 1664297706.5844579, "../rnaloops/data_getter/prev_indices_dict": 1662302426.375768, "../rnaloops/data_getter/helper_fcts.py": 1664297729.0217369, "../rnaloops/data_getter/__init__.py": 1664287740.007549, "../rnaloops/data_explorer/explore_fcts.py": 1664297934.2735088, "../rnaloops/data_explorer/__init__.py": 1664287748.291, "../rnaloops/__init__.py": 1664290707.9219332, "../orga/talk_link.txt": 1664307991.1179135, "../orga": 1664307991.1179135, "../rnaloops/data_explorer": 1664297934.2855093, "../rnaloops/data_explorer/__pycache__": 1664297981.1482124, "../rnaloops/data_explorer/.ipynb_checkpoints": 1664296161.5240424, "../rnaloops/__pycache__": 1664296438.6842277, "../rnaloops/data_getter": 1664297729.0297372, "../rnaloops/data_getter/data_pdfs": 1664283836.366183, "../rnaloops/data_getter/__pycache__": 1664297730.6658306, "../rnaloops/data_getter/rnaloops.pkl": 1662311130.759, "../rnaloops/data_getter/data_files": 1664284056.227156, "../rnaloops/data_getter/.ipynb_checkpoints": 1664295042.3042128, "../.gitignore": 1664300366.6254175, "../.idea": 1664300654.821063, "../.git": 1664307991.1179135, "../.ipynb_checkpoints": 1664286741.423716}