{"./client_secrets.json": 1664191309.2458413, "./LICENSE": 1664191308.5058346, "./README.md": 1664207249.490195, "./credentials.json": 1664207575.8132582, "./sync.py": 1664198702.2845414, "./settings.yaml": 1664191302.581782, "./main.py": 1664191301.6657739, "./sync.sh": 1664207207.3018293, "../data_prepared/rnaloops_data.xlsx": 1663877509.0, "../data_prepared/rnaloops_data.csv": 1663877499.0, "../.sync/client_secrets.json": 1664218170.4039152, "../.sync/syncinit.sh": 1664218170.4039152, "../.sync/LICENSE": 1664218170.4039152, "../.sync/sync.sh": 1664218170.4039152, "../.sync/README.md": 1664218170.4039152, "../.sync/credentials.json": 1664218213.9803653, "../.sync/sync.py": 1664218170.4039152, "../.sync/settings.yaml": 1664218170.4039152, "../.sync/.gdriveignore": 1664219659.0818896, "../.sync": 1664298856.7198436, "../rnaloops": 1664296438.6842277, "../rnaloops/data_prepared": 1662316586.160797, "../rnaloops/data_prepared/rnaloops_data.csv": 1662316341.599329, "../rnaloops/data_prepared/rnaloops_data.pkl": 1662316336.027115, "../rnaloops/data_prepared/rnaloops_data.xlsx": 1662316397.797494, "../rnaloops/data_prepared/rnaloops_data.json": 1662316400.945616}