{"./client_secrets.json": 1664191309.2458413, "./LICENSE": 1664191308.5058346, "./README.md": 1664207249.490195, "./credentials.json": 1664207575.8132582, "./sync.py": 1664198702.2845414, "./settings.yaml": 1664191302.581782, "./main.py": 1664191301.6657739, "./sync.sh": 1664207207.3018293, "../data_prepared/rnaloops_data.xlsx": 1663877509.0, "../data_prepared/rnaloops_data.csv": 1663877499.0, "../.sync/client_secrets.json": 1664218170.4039152, "../.sync/syncinit.sh": 1664218170.4039152, "../.sync/LICENSE": 1664218170.4039152, "../.sync/sync.sh": 1664218170.4039152, "../.sync/README.md": 1664218170.4039152, "../.sync/credentials.json": 1664218213.9803653, "../.sync/sync.py": 1664218170.4039152, "../.sync/settings.yaml": 1664218170.4039152, "../.sync/.gdriveignore": 1664219659.0818896, "../.sync": "Mon Oct  3 00:36:37 2022", "../rnaloops": "Tue Sep 27 20:21:06 2022", "../rnaloops/data_prepared": "Thu Sep 22 22:10:40 2022", "../rnaloops/data_prepared/rnaloops_data.csv": "Thu Sep 22 22:11:39 2022", "../rnaloops/data_prepared/rnaloops_data.pkl": 1663877483.0, "../rnaloops/data_prepared/rnaloops_data.xlsx": "Thu Sep 22 22:11:49 2022", "../rnaloops/data_prepared/rnaloops_data.json": "Thu Sep 22 22:13:00 2022", "../data_explorer.ipynb": "Tue Sep 27 21:48:21 2022", "../data_getter.py": "Tue Sep 27 20:19:23 2022", "../README.md": "Tue Sep 27 21:49:38 2022", "../rnaloops/data_getter/getter_fcts.py": 1664302763.7501903, "../rnaloops/data_getter/prev_indices_dict": 1664302763.7501903, "../rnaloops/data_getter/helper_fcts.py": 1664302763.7501903, "../rnaloops/data_getter/__init__.py": 1664302763.7381902, "../rnaloops/data_explorer/explore_fcts.py": 1664302763.7381902, "../rnaloops/data_explorer/__init__.py": 1664302763.7381902, "../rnaloops/__init__.py": 1664302763.7381902, "../orga/talk_link.txt": "Tue Sep 27 21:49:45 2022", "../orga": "Tue Sep 27 20:58:55 2022", "../rnaloops/data_explorer": 1664297934.2855093, "../rnaloops/data_explorer/__pycache__": 1664297981.1482124, "../rnaloops/data_explorer/.ipynb_checkpoints": 1664296161.5240424, "../rnaloops/__pycache__": 1664296438.6842277, "../rnaloops/data_getter": 1664297729.0297372, "../rnaloops/data_getter/data_pdfs": 1664283836.366183, "../rnaloops/data_getter/__pycache__": 1664297730.6658306, "../rnaloops/data_getter/rnaloops.pkl": 1664308183.9547093, "../rnaloops/data_getter/data_files": 1664284056.227156, "../rnaloops/data_getter/.ipynb_checkpoints": 1664295042.3042128, "../.gitignore": 1664300366.6254175, "../.idea": "Sat Sep  3 13:06:08 2022", "../.git": "Mon Oct  3 00:36:36 2022", "../.ipynb_checkpoints": "Fri Sep  2 19:31:55 2022", "../.sync_share": "Mon Oct  3 00:36:35 2022"}